{"Version":1,"ManifestType":"Publish","Endpoints":[{"Route":"swagger-ui/custom.css","AssetFile":"swagger-ui/custom.css","Selectors":[],"ResponseHeaders":[{"Name":"Accept-Ranges","Value":"bytes"},{"Name":"Cache-Control","Value":"no-cache"},{"Name":"Content-Length","Value":"796"},{"Name":"Content-Type","Value":"text/css"},{"Name":"ETag","Value":"\"tidnYLWmbFDiOuf+3W7WMGlPu+ai3GPYj44R2rtl47o=\""},{"Name":"Last-Modified","Value":"Thu, 27 Mar 2025 12:05:06 GMT"}],"EndpointProperties":[{"Name":"integrity","Value":"sha256-tidnYLWmbFDiOuf+3W7WMGlPu+ai3GPYj44R2rtl47o="}]},{"Route":"swagger-ui/custom.qs01uspf3n.css","AssetFile":"swagger-ui/custom.css","Selectors":[],"ResponseHeaders":[{"Name":"Accept-Ranges","Value":"bytes"},{"Name":"Cache-Control","Value":"max-age=31536000, immutable"},{"Name":"Content-Length","Value":"796"},{"Name":"Content-Type","Value":"text/css"},{"Name":"ETag","Value":"\"tidnYLWmbFDiOuf+3W7WMGlPu+ai3GPYj44R2rtl47o=\""},{"Name":"Last-Modified","Value":"Thu, 27 Mar 2025 12:05:06 GMT"}],"EndpointProperties":[{"Name":"fingerprint","Value":"qs01uspf3n"},{"Name":"integrity","Value":"sha256-tidnYLWmbFDiOuf+3W7WMGlPu+ai3GPYj44R2rtl47o="},{"Name":"label","Value":"swagger-ui/custom.css"}]}]}