<?xml version="1.0"?>
<doc>
    <assembly>
        <name>WebApi</name>
    </assembly>
    <members>
        <member name="T:WebAPI.Controllers.AuthController">
            <summary>
            Controller for handling authentication and user account operations
            </summary>
        </member>
        <member name="M:WebAPI.Controllers.AuthController.Register(WebAPI.DTOs.RegisterDTO)">
            <summary>
            Register a new user account
            </summary>
            <param name="model">Registration information including username, password, email and personal details</param>
            <remarks>
            This endpoint is publicly accessible - no authentication required
            </remarks>
            <returns>Confirmation of successful registration</returns>
        </member>
        <member name="M:WebAPI.Controllers.AuthController.Login(WebAPI.DTOs.LoginDTO)">
            <summary>
            Authenticate a user and generate JWT token
            </summary>
            <param name="model">Login credentials (username and password)</param>
            <remarks>
            This endpoint is publicly accessible - no authentication required
            </remarks>
            <returns>JWT token and user information if authentication is successful</returns>
        </member>
        <member name="M:WebAPI.Controllers.AuthController.ChangePassword(WebAPI.DTOs.ChangePasswordDTO)">
            <summary>
            Change the password for the currently authenticated user
            </summary>
            <param name="model">Password change details including current and new password</param>
            <remarks>
            This endpoint requires authentication (any user can change their own password)
            </remarks>
            <returns>Confirmation of successful password change</returns>
        </member>
        <member name="T:WebAPI.Controllers.DestinationController">
            <summary>
            Controller for managing destinations
            </summary>
        </member>
        <member name="M:WebAPI.Controllers.DestinationController.GetAllDestinations">
            <summary>
            Get all destinations
            </summary>
            <remarks>
            This endpoint is publicly accessible - no authentication required
            </remarks>
            <returns>List of all destinations</returns>
        </member>
        <member name="M:WebAPI.Controllers.DestinationController.GetDestination(System.Int32)">
            <summary>
            Get a specific destination by ID
            </summary>
            <param name="id">The destination ID to retrieve</param>
            <remarks>
            This endpoint is publicly accessible - no authentication required
            </remarks>
            <returns>Destination details if found</returns>
        </member>
        <member name="M:WebAPI.Controllers.DestinationController.CreateDestination(WebAPI.DTOs.CreateDestinationDTO)">
            <summary>
            Create a new destination
            </summary>
            <param name="destinationDto">The destination details to create</param>
            <remarks>
            This endpoint requires Admin role access
            </remarks>
            <returns>The newly created destination</returns>
        </member>
        <member name="M:WebAPI.Controllers.DestinationController.UpdateDestination(System.Int32,WebAPI.DTOs.UpdateDestinationDTO)">
            <summary>
            Update an existing destination
            </summary>
            <param name="id">The ID of the destination to update</param>
            <param name="destinationDto">The updated destination details</param>
            <remarks>
            This endpoint requires Admin role access
            </remarks>
            <returns>The updated destination</returns>
        </member>
        <member name="M:WebAPI.Controllers.DestinationController.DeleteDestination(System.Int32)">
            <summary>
            Delete a destination
            </summary>
            <param name="id">The ID of the destination to delete</param>
            <remarks>
            This endpoint requires Admin role access
            </remarks>
            <returns>No content if deletion is successful</returns>
        </member>
        <member name="M:WebAPI.Controllers.DestinationController.UpdateDestinationImage(System.Int32,WebAPI.Controllers.UpdateDestinationImageDTO)">
            <summary>
            Update a destination's image URL
            </summary>
            <param name="id">The ID of the destination to update</param>
            <param name="imageUrl">The new image URL</param>
            <remarks>
            This endpoint requires Admin role access
            </remarks>
            <returns>No content if update is successful</returns>
        </member>
        <member name="T:WebAPI.Controllers.GuideController">
            <summary>
            Controller for managing travel guides
            </summary>
        </member>
        <member name="M:WebAPI.Controllers.GuideController.GetAllGuides">
            <summary>
            Get all available guides
            </summary>
            <remarks>
            This endpoint is publicly accessible - no authentication required
            </remarks>
            <returns>List of all guides</returns>
        </member>
        <member name="M:WebAPI.Controllers.GuideController.GetGuide(System.Int32)">
            <summary>
            Get a specific guide by ID
            </summary>
            <param name="id">The guide ID to retrieve</param>
            <remarks>
            This endpoint is publicly accessible - no authentication required
            </remarks>
            <returns>Guide details if found</returns>
        </member>
        <member name="M:WebAPI.Controllers.GuideController.GetGuidesByTrip(System.Int32)">
            <summary>
            Get all guides assigned to a specific trip
            </summary>
            <param name="tripId">The trip ID to get guides for</param>
            <remarks>
            This endpoint is publicly accessible - no authentication required
            </remarks>
            <returns>List of guides assigned to the specified trip</returns>
        </member>
        <member name="M:WebAPI.Controllers.GuideController.CreateGuide(WebAPI.DTOs.CreateGuideDTO)">
            <summary>
            Create a new guide
            </summary>
            <param name="createGuideDto">The guide details to create</param>
            <remarks>
            This endpoint requires Admin role access
            </remarks>
            <returns>The newly created guide</returns>
        </member>
        <member name="M:WebAPI.Controllers.GuideController.UpdateGuide(System.Int32,WebAPI.DTOs.UpdateGuideDTO)">
            <summary>
            Update an existing guide
            </summary>
            <param name="id">The ID of the guide to update</param>
            <param name="updateGuideDto">The updated guide details</param>
            <remarks>
            This endpoint requires Admin role access
            </remarks>
            <returns>The updated guide</returns>
        </member>
        <member name="M:WebAPI.Controllers.GuideController.DeleteGuide(System.Int32)">
            <summary>
            Delete a guide
            </summary>
            <param name="id">The ID of the guide to delete</param>
            <remarks>
            This endpoint requires Admin role access
            </remarks>
            <returns>No content if deletion is successful</returns>
        </member>
        <member name="T:WebAPI.Controllers.LogsController">
            <summary>
            Controller for managing and retrieving system logs
            </summary>
            <remarks>
            All endpoints in this controller require Admin role access
            </remarks>
        </member>
        <member name="M:WebAPI.Controllers.LogsController.Get(System.Int32)">
            <summary>
            Get the most recent logs up to the specified count
            </summary>
            <param name="count">Number of log entries to retrieve</param>
            <remarks>
            This endpoint requires Admin role access
            </remarks>
            <returns>The requested number of most recent log entries</returns>
        </member>
        <member name="M:WebAPI.Controllers.LogsController.Count">
            <summary>
            Get the total count of log entries in the system
            </summary>
            <remarks>
            This endpoint requires Admin role access
            </remarks>
            <returns>The total count of log entries</returns>
        </member>
        <member name="T:WebAPI.Controllers.TripController">
            <summary>
            Controller for managing travel trips
            </summary>
        </member>
        <member name="M:WebAPI.Controllers.TripController.GetAllTrips">
            <summary>
            Get all available trips
            </summary>
            <remarks>
            This endpoint is publicly accessible - no authentication required
            </remarks>
            <returns>List of all trips</returns>
        </member>
        <member name="M:WebAPI.Controllers.TripController.GetTrip(System.Int32)">
            <summary>
            Get a specific trip by ID
            </summary>
            <param name="id">The trip ID to retrieve</param>
            <remarks>
            This endpoint is publicly accessible - no authentication required
            </remarks>
            <returns>Trip details if found</returns>
        </member>
        <member name="M:WebAPI.Controllers.TripController.GetTripsByDestination(System.Int32)">
            <summary>
            Get all trips for a specific destination
            </summary>
            <param name="destinationId">The destination ID to filter trips by</param>
            <remarks>
            This endpoint is publicly accessible - no authentication required
            </remarks>
            <returns>List of trips for the specified destination</returns>
        </member>
        <member name="M:WebAPI.Controllers.TripController.SearchTrips(System.String,System.String,System.Int32,System.Int32)">
            <summary>
            Search trips by name and/or description with pagination
            </summary>
            <param name="name">Optional name to search for</param>
            <param name="description">Optional description to search for</param>
            <param name="page">Page number (default: 1)</param>
            <param name="count">Number of items per page (default: 10)</param>
            <remarks>
            This endpoint is publicly accessible - no authentication required
            Supports searching by trip name and/or description.
            Use pagination parameters to get results in manageable chunks.
            </remarks>
            <returns>Paginated list of trips matching search criteria</returns>
        </member>
        <member name="M:WebAPI.Controllers.TripController.CreateTrip(WebAPI.DTOs.CreateTripDTO)">
            <summary>
            Create a new trip
            </summary>
            <param name="tripDto">The trip details to create</param>
            <remarks>
            This endpoint requires Admin role access
            </remarks>
            <returns>The newly created trip</returns>
        </member>
        <member name="M:WebAPI.Controllers.TripController.UpdateTrip(System.Int32,WebAPI.DTOs.UpdateTripDTO)">
            <summary>
            Update an existing trip
            </summary>
            <param name="id">The ID of the trip to update</param>
            <param name="tripDto">The updated trip details</param>
            <remarks>
            This endpoint requires Admin role access
            </remarks>
            <returns>The updated trip</returns>
        </member>
        <member name="M:WebAPI.Controllers.TripController.DeleteTrip(System.Int32)">
            <summary>
            Delete a trip
            </summary>
            <param name="id">The ID of the trip to delete</param>
            <remarks>
            This endpoint requires Admin role access
            </remarks>
            <returns>No content if deletion is successful</returns>
        </member>
        <member name="M:WebAPI.Controllers.TripController.AssignGuideToTrip(System.Int32,System.Int32)">
            <summary>
            Assign a guide to a trip
            </summary>
            <param name="tripId">ID of the trip</param>
            <param name="guideId">ID of the guide to assign</param>
            <remarks>
            This endpoint requires Admin role access
            </remarks>
            <returns>No content if assignment is successful</returns>
        </member>
        <member name="M:WebAPI.Controllers.TripController.RemoveGuideFromTrip(System.Int32,System.Int32)">
            <summary>
            Remove a guide from a trip
            </summary>
        </member>
        <member name="M:WebAPI.Controllers.TripController.PopulateTripImages">
            <summary>
            Populate images for trips that don't have them using Unsplash API
            </summary>
        </member>
        <member name="M:WebAPI.Controllers.TripController.UpdateTripImage(System.Int32,WebAPI.Controllers.TripController.UpdateImageRequest)">
            <summary>
            Update trip image URL (public endpoint for image population)
            </summary>
            <param name="id">The ID of the trip to update</param>
            <param name="request">The image URL to set</param>
            <remarks>
            This endpoint is public to allow image population scripts to work
            Only updates the ImageUrl field for security
            </remarks>
            <returns>Success status</returns>
        </member>
        <member name="M:WebAPI.Controllers.TripController.UpdateTripImagePublic(System.Int32,WebAPI.Controllers.TripController.UpdateImageRequest)">
            <summary>
            Update trip image URL (public endpoint for image population)
            </summary>
            <param name="id">The ID of the trip to update</param>
            <param name="request">The image URL to set</param>
            <remarks>
            This endpoint is public to allow image population scripts to work
            Only updates the ImageUrl field for security
            </remarks>
            <returns>Success status</returns>
        </member>
        <member name="M:WebAPI.Controllers.TripController.Diagnostic">
            <summary>
            Diagnostic endpoint to test authentication and CORS
            </summary>
        </member>
        <member name="T:WebAPI.Controllers.TripRegistrationController">
            <summary>
            Controller for managing trip registrations (bookings)
            </summary>
            <remarks>
            Base authentication required for all endpoints in this controller
            </remarks>
        </member>
        <member name="M:WebAPI.Controllers.TripRegistrationController.GetAllRegistrations">
            <summary>
            Get all trip registrations in the system
            </summary>
            <remarks>
            This endpoint requires Admin role access
            </remarks>
            <returns>List of all trip registrations</returns>
        </member>
        <member name="M:WebAPI.Controllers.TripRegistrationController.GetRegistration(System.Int32)">
            <summary>
            Get a specific trip registration by ID
            </summary>
            <param name="id">The registration ID to retrieve</param>
            <remarks>
            Regular users can only access their own registrations
            Admins can access any registration
            </remarks>
            <returns>Registration details if found and authorized</returns>
        </member>
        <member name="M:WebAPI.Controllers.TripRegistrationController.GetRegistrationsByUser(System.Int32)">
            <summary>
            Get all registrations for a specific user
            </summary>
            <param name="userId">The user ID to get registrations for</param>
            <remarks>
            Regular users can only access their own registrations
            Admins can access any user's registrations
            </remarks>
            <returns>List of registrations for the specified user if authorized</returns>
        </member>
        <member name="M:WebAPI.Controllers.TripRegistrationController.GetRegistrationsByTrip(System.Int32)">
            <summary>
            Get all registrations for a specific trip
            </summary>
            <param name="tripId">The trip ID to get registrations for</param>
            <remarks>
            This endpoint requires Admin role access
            </remarks>
            <returns>List of registrations for the specified trip</returns>
        </member>
        <member name="M:WebAPI.Controllers.TripRegistrationController.CreateRegistration(WebAPI.DTOs.CreateTripRegistrationDTO)">
            <summary>
            Create a new trip registration (book a trip)
            </summary>
            <param name="registrationDto">The registration details to create</param>
            <remarks>
            Regular users can only create registrations for themselves
            Admins can create registrations for any user
            </remarks>
            <returns>The newly created registration</returns>
        </member>
        <member name="M:WebAPI.Controllers.TripRegistrationController.UpdateRegistration(System.Int32,WebAPI.DTOs.UpdateTripRegistrationDTO)">
            <summary>
            Update an existing trip registration
            </summary>
            <param name="id">The ID of the registration to update</param>
            <param name="registrationDto">The updated registration details</param>
            <remarks>
            Regular users can only update their own registrations
            Admins can update any registration
            </remarks>
            <returns>The updated registration</returns>
        </member>
        <member name="M:WebAPI.Controllers.TripRegistrationController.DeleteRegistration(System.Int32)">
            <summary>
            Delete a trip registration (cancel a booking)
            </summary>
            <param name="id">The ID of the registration to delete</param>
            <remarks>
            Regular users can only delete their own registrations
            Admins can delete any registration
            </remarks>
            <returns>No content if deletion is successful</returns>
        </member>
        <member name="M:WebAPI.Controllers.TripRegistrationController.UpdateRegistrationStatus(System.Int32,System.String)">
            <summary>
            Update the status of a trip registration
            </summary>
            <param name="id">The ID of the registration to update</param>
            <param name="status">The new registration status</param>
            <remarks>
            This endpoint requires Admin role access
            </remarks>
            <returns>No content if status update is successful</returns>
        </member>
        <member name="T:WebAPI.Controllers.UserController">
            <summary>
            Controller for user management operations
            </summary>
        </member>
        <member name="M:WebAPI.Controllers.UserController.GetUser(System.Int32)">
            <summary>
            Get a specific user by ID
            </summary>
            <param name="id">The user ID to retrieve</param>
            <remarks>
            This endpoint requires Admin role access
            </remarks>
            <returns>User details without sensitive information</returns>
        </member>
        <member name="M:WebAPI.Controllers.UserController.GetCurrentUser">
            <summary>
            Get the currently authenticated user's information
            </summary>
            <remarks>
            This endpoint requires authentication (any authenticated user can access their own information)
            </remarks>
            <returns>Current user details without sensitive information</returns>
        </member>
        <member name="M:WebAPI.Controllers.UserController.UpdateProfile(WebAPI.DTOs.UpdateProfileDTO)">
            <summary>
            Update the currently authenticated user's profile information
            </summary>
            <param name="model">Updated profile information</param>
            <remarks>
            This endpoint requires authentication (any authenticated user can update their own profile)
            Users cannot change their Username or IsAdmin status through this endpoint
            </remarks>
            <returns>Updated user details without sensitive information</returns>
        </member>
        <member name="M:WebAPI.Controllers.UserController.GetAllUsers">
            <summary>
            Get a list of all users in the system
            </summary>
            <remarks>
            This endpoint requires Admin role access
            </remarks>
            <returns>List of all users without sensitive information</returns>
        </member>
        <member name="T:WebAPI.Models.ImageUrlUpdateRequest">
            <summary>
            DTO for image URL update requests
            </summary>
        </member>
        <member name="T:WebAPI.Swagger.AuthorizeCheckOperationFilter">
            <summary>
            Operation filter to add authorization information to Swagger documentation
            </summary>
        </member>
        <member name="M:WebAPI.Swagger.AuthorizeCheckOperationFilter.Apply(Microsoft.OpenApi.Models.OpenApiOperation,Swashbuckle.AspNetCore.SwaggerGen.OperationFilterContext)">
            <summary>
            Applies the filter to the specified operation using the given context.
            </summary>
            <param name="operation">The operation to apply the filter to.</param>
            <param name="context">The current operation filter context.</param>
        </member>
        <member name="T:WebAPI.Swagger.OperationSummaryFilter">
            <summary>
            Operation filter to add authentication information to the operation summary
            </summary>
        </member>
        <member name="M:WebAPI.Swagger.OperationSummaryFilter.Apply(Microsoft.OpenApi.Models.OpenApiOperation,Swashbuckle.AspNetCore.SwaggerGen.OperationFilterContext)">
            <summary>
            Applies the filter to the specified operation using the given context.
            </summary>
            <param name="operation">The operation to apply the filter to.</param>
            <param name="context">The current operation filter context.</param>
        </member>
    </members>
</doc>
